<?xml version="1.0" encoding="UTF-8" ?>
<!-- This is a WordPress eXtended RSS file generated by WordPress as an export of your site. -->
<!-- It contains information about your site's posts, pages, comments, categories, and other content. -->
<!-- You may use this file to transfer that content from one site to another. -->
<!-- This file is not intended to serve as a complete backup of your site. -->

<!-- To import this information into a WordPress site follow these steps: -->
<!-- 1. Log in to that site as an administrator. -->
<!-- 2. Go to Tools: Import in the WordPress admin panel. -->
<!-- 3. Install the "WordPress" importer from the list. -->
<!-- 4. Activate & Run Importer. -->
<!-- 5. Upload this file using the form provided on that page. -->
<!-- 6. You will first be asked to map the authors in this export file to users -->
<!--    on the site. For each author, you may choose to map to an -->
<!--    existing user on the site or to create a new user. -->
<!-- 7. WordPress will then import each of the posts, pages, comments, categories, etc. -->
<!--    contained in this file into your site. -->

<!-- generator="WordPress/4.4.2" created="2016-03-13 08:01" -->
<rss version="2.0"
	xmlns:excerpt="http://wordpress.org/export/1.2/excerpt/"
	xmlns:content="http://purl.org/rss/1.0/modules/content/"
	xmlns:wfw="http://wellformedweb.org/CommentAPI/"
	xmlns:dc="http://purl.org/dc/elements/1.1/"
	xmlns:wp="http://wordpress.org/export/1.2/"
>

<channel>
	<title>Stag Wp</title>
	<link>http://stag.deliciousthemes.com</link>
	<description>Just another WordPress site</description>
	<pubDate>Sun, 13 Mar 2016 08:01:32 +0000</pubDate>
	<language>en-US</language>
	<wp:wxr_version>1.2</wp:wxr_version>
	<wp:base_site_url>http://stag.deliciousthemes.com</wp:base_site_url>
	<wp:base_blog_url>http://stag.deliciousthemes.com</wp:base_blog_url>

	<wp:author><wp:author_id>1</wp:author_id><wp:author_login><![CDATA[deliciousthemes]]></wp:author_login><wp:author_email><![CDATA[deliciousthemes@gmail.com]]></wp:author_email><wp:author_display_name><![CDATA[deliciousthemes]]></wp:author_display_name><wp:author_first_name><![CDATA[]]></wp:author_first_name><wp:author_last_name><![CDATA[]]></wp:author_last_name></wp:author>


	<generator>https://wordpress.org/?v=4.4.2</generator>

	<item>
		<title>Stag - Masonry &amp; Icon on Hover</title>
		<link>http://stag.deliciousthemes.com/vc_grid_item/stag-icon-on-hover-2/</link>
		<pubDate>Wed, 18 Nov 2015 18:01:32 +0000</pubDate>
		<dc:creator><![CDATA[deliciousthemes]]></dc:creator>
		<guid isPermaLink="false">https://demo.deliciousthemes.com/stag/?post_type=vc_grid_item&#038;p=2769</guid>
		<description></description>
		<content:encoded><![CDATA[[vc_gitem][vc_gitem_animated_block animation="fadeIn"][vc_gitem_zone_a height_mode="original" featured_image="yes" el_class="gallery-with-mfp"][vc_gitem_row position="top"][vc_gitem_col][/vc_gitem_col][/vc_gitem_row][vc_gitem_row position="middle"][vc_gitem_col][/vc_gitem_col][/vc_gitem_row][vc_gitem_row position="bottom"][vc_gitem_col][/vc_gitem_col][/vc_gitem_row][/vc_gitem_zone_a][vc_gitem_zone_b link="image_lightbox" css=".vc_custom_1448290079561{background-color: rgba(255,255,255,0.7) !important;*background-color: rgb(255,255,255) !important;}"][vc_gitem_row position="top"][vc_gitem_col][/vc_gitem_col][/vc_gitem_row][vc_gitem_row position="middle"][vc_gitem_col][vc_icon icon_fontawesome="fa fa-search" color="black" size="xs" align="center" css_animation="bottom-to-top"][/vc_gitem_col][/vc_gitem_row][vc_gitem_row position="bottom"][vc_gitem_col][/vc_gitem_col][/vc_gitem_row][/vc_gitem_zone_b][/vc_gitem_animated_block][/vc_gitem]]]></content:encoded>
		<excerpt:encoded><![CDATA[]]></excerpt:encoded>
		<wp:post_id>2769</wp:post_id>
		<wp:post_date><![CDATA[2015-11-18 18:01:32]]></wp:post_date>
		<wp:post_date_gmt><![CDATA[2015-11-18 18:01:32]]></wp:post_date_gmt>
		<wp:comment_status><![CDATA[closed]]></wp:comment_status>
		<wp:ping_status><![CDATA[closed]]></wp:ping_status>
		<wp:post_name><![CDATA[stag-icon-on-hover-2]]></wp:post_name>
		<wp:status><![CDATA[publish]]></wp:status>
		<wp:post_parent>0</wp:post_parent>
		<wp:menu_order>0</wp:menu_order>
		<wp:post_type><![CDATA[vc_grid_item]]></wp:post_type>
		<wp:post_password><![CDATA[]]></wp:post_password>
		<wp:is_sticky>0</wp:is_sticky>
		<wp:postmeta>
			<wp:meta_key><![CDATA[_vc_post_settings]]></wp:meta_key>
			<wp:meta_value><![CDATA[a:1:{s:10:"vc_grid_id";a:0:{}}]]></wp:meta_value>
		</wp:postmeta>
		<wp:postmeta>
			<wp:meta_key><![CDATA[_edit_last]]></wp:meta_key>
			<wp:meta_value><![CDATA[1]]></wp:meta_value>
		</wp:postmeta>
		<wp:postmeta>
			<wp:meta_key><![CDATA[_wpb_vc_js_status]]></wp:meta_key>
			<wp:meta_value><![CDATA[true]]></wp:meta_value>
		</wp:postmeta>
		<wp:postmeta>
			<wp:meta_key><![CDATA[_vc_post_settings]]></wp:meta_key>
			<wp:meta_value><![CDATA[a:1:{s:10:"vc_grid_id";a:0:{}}]]></wp:meta_value>
		</wp:postmeta>
		<wp:postmeta>
			<wp:meta_key><![CDATA[slide_template]]></wp:meta_key>
			<wp:meta_value><![CDATA[default]]></wp:meta_value>
		</wp:postmeta>
		<wp:postmeta>
			<wp:meta_key><![CDATA[_wpb_shortcodes_custom_css]]></wp:meta_key>
			<wp:meta_value><![CDATA[.vc_custom_1448290079561{background-color: rgba(255,255,255,0.7) !important;*background-color: rgb(255,255,255) !important;}]]></wp:meta_value>
		</wp:postmeta>
	</item>
	<item>
		<title></title>
		<link>http://stag.deliciousthemes.com/?post_type=vc_grid_item&#038;p=2773</link>
		<pubDate>Mon, 30 Nov -0001 00:00:00 +0000</pubDate>
		<dc:creator><![CDATA[deliciousthemes]]></dc:creator>
		<guid isPermaLink="false">https://demo.deliciousthemes.com/stag/?post_type=vc_grid_item&#038;p=2773</guid>
		<description></description>
		<content:encoded><![CDATA[[vc_gitem][vc_gitem_animated_block animation="fadeIn"][vc_gitem_zone_a height_mode="4-3" link="image_lightbox" featured_image="yes"][vc_gitem_row position="top"][vc_gitem_col width="1/1"][/vc_gitem_col][/vc_gitem_row][vc_gitem_row position="middle"][vc_gitem_col width="1/2"][/vc_gitem_col][vc_gitem_col width="1/2"][/vc_gitem_col][/vc_gitem_row][vc_gitem_row position="bottom"][vc_gitem_col width="1/1"][/vc_gitem_col][/vc_gitem_row][/vc_gitem_zone_a][vc_gitem_zone_b link="image_lightbox" featured_image="" css=".vc_custom_1419001011185{background-color: rgba(40,40,40,0.5) !important;*background-color: rgb(40,40,40) !important;}"][vc_gitem_row position="top"][vc_gitem_col width="1/1"][/vc_gitem_col][/vc_gitem_row][vc_gitem_row position="middle"][vc_gitem_col width="1/1"][vc_icon type="entypo" icon_fontawesome="fa fa-adjust" icon_openiconic="vc-oi vc-oi-eye" icon_typicons="typcn typcn-adjust-brightness" icon_entypo="entypo-icon entypo-icon-plus" icon_linecons="vc_li vc_li-heart" color="white" background_color="blue" size="lg" align="center"][/vc_gitem_col][/vc_gitem_row][vc_gitem_row position="bottom"][vc_gitem_col width="1/1"][/vc_gitem_col][/vc_gitem_row][/vc_gitem_zone_b][/vc_gitem_animated_block][/vc_gitem]]]></content:encoded>
		<excerpt:encoded><![CDATA[]]></excerpt:encoded>
		<wp:post_id>2773</wp:post_id>
		<wp:post_date><![CDATA[2015-11-18 18:22:34]]></wp:post_date>
		<wp:post_date_gmt><![CDATA[0000-00-00 00:00:00]]></wp:post_date_gmt>
		<wp:comment_status><![CDATA[closed]]></wp:comment_status>
		<wp:ping_status><![CDATA[closed]]></wp:ping_status>
		<wp:post_name><![CDATA[]]></wp:post_name>
		<wp:status><![CDATA[draft]]></wp:status>
		<wp:post_parent>0</wp:post_parent>
		<wp:menu_order>0</wp:menu_order>
		<wp:post_type><![CDATA[vc_grid_item]]></wp:post_type>
		<wp:post_password><![CDATA[]]></wp:post_password>
		<wp:is_sticky>0</wp:is_sticky>
		<wp:postmeta>
			<wp:meta_key><![CDATA[_vc_post_settings]]></wp:meta_key>
			<wp:meta_value><![CDATA[a:1:{s:10:"vc_grid_id";a:0:{}}]]></wp:meta_value>
		</wp:postmeta>
		<wp:postmeta>
			<wp:meta_key><![CDATA[_edit_last]]></wp:meta_key>
			<wp:meta_value><![CDATA[1]]></wp:meta_value>
		</wp:postmeta>
	</item>
	<item>
		<title>Stag - Icon on Hover</title>
		<link>http://stag.deliciousthemes.com/vc_grid_item/stag-icon-on-hover/</link>
		<pubDate>Mon, 11 Jan 2016 20:57:37 +0000</pubDate>
		<dc:creator><![CDATA[deliciousthemes]]></dc:creator>
		<guid isPermaLink="false">https://demo.deliciousthemes.com/stag/?post_type=vc_grid_item&#038;p=3164</guid>
		<description></description>
		<content:encoded><![CDATA[[vc_gitem][vc_gitem_animated_block animation="fadeIn"][vc_gitem_zone_a featured_image="yes" el_class="gallery-with-mfp"][vc_gitem_row position="top"][vc_gitem_col][/vc_gitem_col][/vc_gitem_row][vc_gitem_row position="middle"][vc_gitem_col width="1/2"][/vc_gitem_col][vc_gitem_col width="1/2"][/vc_gitem_col][/vc_gitem_row][vc_gitem_row position="bottom"][vc_gitem_col][/vc_gitem_col][/vc_gitem_row][/vc_gitem_zone_a][vc_gitem_zone_b link="image_lightbox" css=".vc_custom_1452546047690{background-color: rgba(255,255,255,0.7) !important;*background-color: rgb(255,255,255) !important;}"][vc_gitem_row position="top"][vc_gitem_col][/vc_gitem_col][/vc_gitem_row][vc_gitem_row position="middle"][vc_gitem_col][vc_icon icon_fontawesome="fa fa-search" color="black" size="xs" align="center" css_animation="bottom-to-top"][/vc_gitem_col][/vc_gitem_row][vc_gitem_row position="bottom"][vc_gitem_col][/vc_gitem_col][/vc_gitem_row][/vc_gitem_zone_b][/vc_gitem_animated_block][/vc_gitem]]]></content:encoded>
		<excerpt:encoded><![CDATA[]]></excerpt:encoded>
		<wp:post_id>3164</wp:post_id>
		<wp:post_date><![CDATA[2016-01-11 20:57:37]]></wp:post_date>
		<wp:post_date_gmt><![CDATA[2016-01-11 20:57:37]]></wp:post_date_gmt>
		<wp:comment_status><![CDATA[closed]]></wp:comment_status>
		<wp:ping_status><![CDATA[closed]]></wp:ping_status>
		<wp:post_name><![CDATA[stag-icon-on-hover]]></wp:post_name>
		<wp:status><![CDATA[publish]]></wp:status>
		<wp:post_parent>0</wp:post_parent>
		<wp:menu_order>0</wp:menu_order>
		<wp:post_type><![CDATA[vc_grid_item]]></wp:post_type>
		<wp:post_password><![CDATA[]]></wp:post_password>
		<wp:is_sticky>0</wp:is_sticky>
		<wp:postmeta>
			<wp:meta_key><![CDATA[_vc_post_settings]]></wp:meta_key>
			<wp:meta_value><![CDATA[a:1:{s:10:"vc_grid_id";a:0:{}}]]></wp:meta_value>
		</wp:postmeta>
		<wp:postmeta>
			<wp:meta_key><![CDATA[_wpb_shortcodes_custom_css]]></wp:meta_key>
			<wp:meta_value><![CDATA[.vc_custom_1452546047690{background-color: rgba(255,255,255,0.7) !important;*background-color: rgb(255,255,255) !important;}]]></wp:meta_value>
		</wp:postmeta>
		<wp:postmeta>
			<wp:meta_key><![CDATA[slide_template]]></wp:meta_key>
			<wp:meta_value><![CDATA[default]]></wp:meta_value>
		</wp:postmeta>
		<wp:postmeta>
			<wp:meta_key><![CDATA[_wpb_vc_js_status]]></wp:meta_key>
			<wp:meta_value><![CDATA[true]]></wp:meta_value>
		</wp:postmeta>
		<wp:postmeta>
			<wp:meta_key><![CDATA[_vc_post_settings]]></wp:meta_key>
			<wp:meta_value><![CDATA[a:1:{s:10:"vc_grid_id";a:0:{}}]]></wp:meta_value>
		</wp:postmeta>
		<wp:postmeta>
			<wp:meta_key><![CDATA[_edit_last]]></wp:meta_key>
			<wp:meta_value><![CDATA[1]]></wp:meta_value>
		</wp:postmeta>
	</item>
	<item>
		<title></title>
		<link>http://stag.deliciousthemes.com/?post_type=vc_grid_item&#038;p=3165</link>
		<pubDate>Mon, 30 Nov -0001 00:00:00 +0000</pubDate>
		<dc:creator><![CDATA[deliciousthemes]]></dc:creator>
		<guid isPermaLink="false">https://demo.deliciousthemes.com/stag/?post_type=vc_grid_item&#038;p=3165</guid>
		<description></description>
		<content:encoded><![CDATA[]]></content:encoded>
		<excerpt:encoded><![CDATA[]]></excerpt:encoded>
		<wp:post_id>3165</wp:post_id>
		<wp:post_date><![CDATA[2016-01-11 20:53:56]]></wp:post_date>
		<wp:post_date_gmt><![CDATA[0000-00-00 00:00:00]]></wp:post_date_gmt>
		<wp:comment_status><![CDATA[closed]]></wp:comment_status>
		<wp:ping_status><![CDATA[closed]]></wp:ping_status>
		<wp:post_name><![CDATA[]]></wp:post_name>
		<wp:status><![CDATA[draft]]></wp:status>
		<wp:post_parent>0</wp:post_parent>
		<wp:menu_order>0</wp:menu_order>
		<wp:post_type><![CDATA[vc_grid_item]]></wp:post_type>
		<wp:post_password><![CDATA[]]></wp:post_password>
		<wp:is_sticky>0</wp:is_sticky>
		<wp:postmeta>
			<wp:meta_key><![CDATA[_vc_post_settings]]></wp:meta_key>
			<wp:meta_value><![CDATA[a:1:{s:10:"vc_grid_id";a:0:{}}]]></wp:meta_value>
		</wp:postmeta>
		<wp:postmeta>
			<wp:meta_key><![CDATA[_edit_last]]></wp:meta_key>
			<wp:meta_value><![CDATA[1]]></wp:meta_value>
		</wp:postmeta>
		<wp:postmeta>
			<wp:meta_key><![CDATA[_vc_post_settings]]></wp:meta_key>
			<wp:meta_value><![CDATA[a:1:{s:10:"vc_grid_id";a:0:{}}]]></wp:meta_value>
		</wp:postmeta>
	</item>
</channel>
</rss>
